{"metaVersion":2,"host":"misskey.city","exportedAt":"Thu Jul 18 2024 08:50:41 GMT+0000 (Coordinated Universal Time)","emojis":[{"fileName":"jigakakunoubako.png","downloaded":true,"emoji":{"id":"9vul7zwq3q4t00hq","updatedAt":"2024-07-18T08:48:16.205Z","name":"jigakakunoubako","host":null,"category":"アナヒビソーシャル","originalUrl":"https://media.misskey.city/files/aac42c95-1486-4780-afce-e06f8fe7f3ea.png","publicUrl":"https://media.misskey.city/files/aac42c95-1486-4780-afce-e06f8fe7f3ea.png","uri":null,"type":"image/png","aliases":["じがかくのうばこ","自我格納箱","おいで","zigakakunoubako"],"license":"パブリックドメイン","localOnly":false,"isSensitive":false,"roleIdsThatCanBeUsedThisEmojiAsReaction":[]}},
{"fileName":"anahibi.png","downloaded":true,"emoji":{"id":"9vul8sba3q4t00ht","updatedAt":"2024-07-18T08:47:32.955Z","name":"anahibi","host":null,"category":"アナヒビソーシャル","originalUrl":"https://media.misskey.city/files/c9ebb1c7-569f-4f16-a754-dd8ec950bd4a.png","publicUrl":"https://media.misskey.city/files/webpublic-c35f3389-85a2-4acc-888c-b707d2fe0749.png","uri":null,"type":"image/png","aliases":["あなひびそーしゃる","ろご"],"license":"CC BY 4.0 [アナヒビソーシャル](https://anahibi.7ka.org/assets)","localOnly":false,"isSensitive":false,"roleIdsThatCanBeUsedThisEmojiAsReaction":[]}},
{"fileName":"localsuki.png","downloaded":true,"emoji":{"id":"9vulg1a93q4t00i6","updatedAt":"2024-07-18T08:48:54.657Z","name":"localsuki","host":null,"category":"アナヒビソーシャル","originalUrl":"https://media.misskey.city/files/3b3de401-a492-478d-b154-05a3710839ec.png","publicUrl":"https://media.misskey.city/files/webpublic-288d9e72-b71a-4b4d-a8a2-115178c2383d.png","uri":null,"type":"image/png","aliases":["ろーかるすきー","ろすきー","localskey","ろご"],"license":"CC BY 4.0 [アナヒビソーシャル](https://anahibi.7ka.org/assets)","localOnly":false,"isSensitive":false,"roleIdsThatCanBeUsedThisEmojiAsReaction":[]}},
{"fileName":"tiranote.png","downloaded":true,"emoji":{"id":"9vulgnsx3q4t00i9","updatedAt":"2024-07-18T08:49:23.841Z","name":"tiranote","host":null,"category":"アナヒビソーシャル","originalUrl":"https://media.misskey.city/files/6af681f9-b488-44d6-a821-7afc2bd567e6.png","publicUrl":"https://media.misskey.city/files/webpublic-b899f228-4224-4677-82a8-0a438b11ab35.png","uri":null,"type":"image/png","aliases":["ちらのーと","ちらノート","ロゴ"],"license":"CC BY 4.0 [アナヒビソーシャル](https://anahibi.7ka.org/assets)","localOnly":false,"isSensitive":false,"roleIdsThatCanBeUsedThisEmojiAsReaction":[]}},
{"fileName":"kannnasuki.png","downloaded":true,"emoji":{"id":"9vulh1lh3q4t00ic","updatedAt":"2024-07-18T08:50:23.980Z","name":"kannnasuki","host":null,"category":"アナヒビソーシャル","originalUrl":"https://media.misskey.city/files/6b7425b6-cdf5-4ce2-8fb1-621928f0553d.png","publicUrl":"https://media.misskey.city/files/webpublic-071b5759-a8e5-4fec-8a51-6f9a61af22a7.png","uri":null,"type":"image/png","aliases":["かんなすきー","ロゴ","kannnasukey"],"license":"CC BY 4.0 [アナヒビソーシャル](https://anahibi.7ka.org/assets)","localOnly":false,"isSensitive":false,"roleIdsThatCanBeUsedThisEmojiAsReaction":[]}},
{"fileName":"sakesuki.png","downloaded":true,"emoji":{"id":"9vulhr8v3q4t00if","updatedAt":"2024-07-18T08:50:14.959Z","name":"sakesuki","host":null,"category":"アナヒビソーシャル","originalUrl":"https://media.misskey.city/files/5962bf69-c2a6-4d27-a15a-16c4a42ccbf7.png","publicUrl":"https://media.misskey.city/files/webpublic-a4e12e7a-c56d-4525-8748-404492acf062.png","uri":null,"type":"image/png","aliases":["さけすきー","sakeskey","ロゴ"],"license":"CC BY 4.0 [アナヒビソーシャル](https://anahibi.7ka.org/assets)","localOnly":false,"isSensitive":false,"roleIdsThatCanBeUsedThisEmojiAsReaction":[]}}]}